Variable,Val_RMSE_per_cell_mean,Val_RMSE_per_cell_median,Val_RMSE_per_cell_std,Val_RMSE_domain_mean_ts,Val_KGE_per_cell_mean,Val_KGE_per_cell_median,Val_r_per_cell_mean,Val_r_per_cell_median,Val_Bias_per_cell_mean,Val_Bias_per_cell_median,Val_n_cells
pr,10.755569528670327,10.772648923244816,1.0924887129996976,6.3273954,-0.012872731,-0.0026561618,0.026374944,0.026321348,0.14373378,0.14359878,23040
tasmax,7.7659670045071225,7.773494734964828,0.26770621043000215,7.203239,0.7970358,0.8009444,0.80635476,0.80806684,-0.31522483,-0.30115104,23040
tasmin,6.5687247337993195,6.5852705010671375,0.16734716071495664,6.04024,0.8213421,0.8219068,0.82858276,0.8293874,-0.023202043,-0.007000391,23040
rsds,53.40522279336499,53.44001410876872,2.770289857943981,41.215767,0.7604399,0.75840485,0.7806264,0.780638,-4.636141,-4.8449497,23040
wind,2.084861729542713,2.0812959491882035,0.10073726781872638,1.7496874,0.040785026,0.035746843,0.064155534,0.06376674,-0.24636143,-0.2515567,23040
huss,0.0027063825839371246,0.0026923244261476895,0.00016513560693765428,0.0024571882,0.80084485,0.8010837,0.8030779,0.80412626,0.00015220503,0.0001459642,23040
