Variable,Val_RMSE_per_cell_mean,Val_RMSE_per_cell_median,Val_RMSE_per_cell_std,Val_RMSE_domain_mean_ts,Val_KGE_per_cell_mean,Val_KGE_per_cell_median,Val_r_per_cell_mean,Val_r_per_cell_median,Val_Bias_per_cell_mean,Val_Bias_per_cell_median,Val_n_cells
pr,9.20217100392766,9.289518257282678,1.4937273147220282,5.0097413,0.024667013,0.021286488,0.035743028,0.033194404,-0.10977387,-0.090924226,41472
tasmax,7.881822431543324,7.925404802280562,0.23823762248293093,7.0159006,0.8072205,0.80964005,0.8075349,0.8098979,0.03141271,0.005386673,41472
tasmin,7.05683264916814,7.099031684365341,0.1832818245177598,6.357685,0.8124414,0.8155595,0.81345177,0.816016,-0.08932118,-0.05898927,41472
rsds,58.433945719769746,58.371502282135566,2.2041372580930045,40.173172,0.7447358,0.74339926,0.748266,0.7483183,-2.4971728,-2.4765735,41472
wind,2.248853661962189,2.240494824496234,0.14311494407109754,1.8015245,0.030416865,0.0223971,0.03626512,0.0284213,-0.27321568,-0.2689885,41472
huss,0.002834578971117149,0.002846374573320331,0.00022945023982005096,0.0024625245,0.7821425,0.7821535,0.78755397,0.7872663,0.00018471383,0.00016853923,41472
