pipeline_id,variable,DOR_KGE,DOR_RMSE_pooled,DOR_Bias,DOR_Ext99_Bias%,DOR_Lag1_Err,DOR_WDF_Obs%,DOR_WDF_Sim%,LOCA2_KGE,LOCA2_RMSE_pooled,LOCA2_Bias,LOCA2_Ext99_Bias%,LOCA2_Lag1_Err,LOCA2_WDF_Obs%,LOCA2_WDF_Sim%,NEX_KGE,NEX_RMSE_pooled,NEX_Bias,NEX_Ext99_Bias%,NEX_Lag1_Err,NEX_WDF_Obs%,NEX_WDF_Sim%
test8_v2,pr,0.02402678391320101,9.507306301746338,-0.056430718049398365,-6.263855465362382,0.057265918119943915,32.317395233232375,32.22729184066163,0.02273920868778756,9.472939491271973,-0.11593770980834961,-4.608633518218994,0.06622942261115433,32.77381982216359,31.23494034959773,0.001651710651873084,8.639952986506621,-0.15346643527368364,-25.32004874313231,0.04343915162014178,32.7520737658211,37.343479876232
test8_v2,tasmax,0.8007598967856396,8.142180169807364,0.46107812258327385,-0.2535809585155219,0.007537162561907396,,,0.8100697361450309,7.941138744354248,0.308929443359375,-0.7508105635643005,0.008025678964372007,,,0.8165781376781598,7.734239417068309,0.805918861772966,-0.6034161329818379,0.00817736711705841,,
test8_v2,tasmin,0.8182533990780911,7.063461863236453,0.5898498454234868,0.1764998396438148,0.008597651503157389,,,0.8024978797121438,7.415317058563232,0.443878173828125,0.32076382637023926,0.010666324640503433,,,0.7900926596408044,7.70861094960818,0.9821368350018247,0.7728775469727324,0.03290760678214899,,
test8_v2,rsds,0.7642313494290509,56.578911963356155,-0.4204691804490892,0.8100264201792636,0.003887329103976045,,,,,,,,,,0.6815256994099654,68.77130265099169,36.67711286898614,14.58634049509493,0.000738743114866991,,
test8_v2,wind,0.08012363736828554,2.218214530435761,-0.3191774126840796,-7.380033425767948,0.052204106284163554,,,,,,,,,,0.061410262917485414,2.3499669396868503,-0.9306020470058778,-16.275272376485454,0.06784378638653915,,
test8_v2,huss,0.7751576688469719,0.0028866210843798315,0.0004749543363944033,2.0591819758847376,0.005269391523807565,,,,,,,,,,0.5985061576268408,0.003765338276560002,0.0014760780731472092,16.74958296864388,0.005458028822675098,,
