pipeline_id,variable,DOR_KGE,DOR_RMSE_pooled,DOR_Bias,DOR_Ext99_Bias%,DOR_Lag1_Err,DOR_WDF_Obs%,DOR_WDF_Sim%,LOCA2_KGE,LOCA2_RMSE_pooled,LOCA2_Bias,LOCA2_Ext99_Bias%,LOCA2_Lag1_Err,LOCA2_WDF_Obs%,LOCA2_WDF_Sim%,NEX_KGE,NEX_RMSE_pooled,NEX_Bias,NEX_Ext99_Bias%,NEX_Lag1_Err,NEX_WDF_Obs%,NEX_WDF_Sim%
test8_v5,pr,0.02322011494322096,9.939484078869912,0.1294443673525114,0.6164791571971401,0.05286127083068992,32.20777536501826,32.3090799008572,0.02273920868778756,9.472939491271973,-0.11593770980834961,-4.608633518218994,0.06622942261115433,32.77381982216359,31.23494034959773,0.001651710651873084,8.639952986506621,-0.15346643527368364,-25.32004874313231,0.04343915162014178,32.7520737658211,37.343479876232
test8_v5,tasmax,0.8006464295642769,8.143620113730409,0.4576938799341974,-0.24313508264981998,0.007551894174745555,,,0.8100697361450309,7.941138744354248,0.308929443359375,-0.7508105635643005,0.008025678964372007,,,0.8165781376781598,7.734239417068309,0.805918861772966,-0.6034161329818379,0.00817736711705841,,
test8_v5,tasmin,0.8182998543076154,7.0629571672938996,0.5895949974738528,0.17893836488548345,0.008572204879486511,,,0.8024978797121438,7.415317058563232,0.443878173828125,0.32076382637023926,0.010666324640503433,,,0.7900926596408044,7.70861094960818,0.9821368350018247,0.7728775469727324,0.03290760678214899,,
test8_v5,rsds,0.7642811569984883,56.577181105121134,-0.4005292315258089,0.8049732770106588,0.0038306700697037233,,,,,,,,,,0.6815256994099654,68.77130265099169,36.67711286898614,14.58634049509493,0.000738743114866991,,
test8_v5,wind,0.07838295733041101,2.218050896968329,-0.31896647063968686,-7.502440277947913,0.05687649613765822,,,,,,,,,,0.061410262917485414,2.3499669396868503,-0.9306020470058778,-16.275272376485454,0.06784378638653915,,
test8_v5,huss,0.7751427317259627,0.0028866968618341425,0.00047500195599349364,2.0390356163141887,0.00530712161641933,,,,,,,,,,0.5985061576268408,0.003765338276560002,0.0014760780731472092,16.74958296864388,0.005458028822675098,,
