Variable,Val_RMSE_per_cell_mean,Val_RMSE_per_cell_median,Val_RMSE_per_cell_std,Val_RMSE_domain_mean_ts,Val_KGE_per_cell_mean,Val_KGE_per_cell_median,Val_r_per_cell_mean,Val_r_per_cell_median,Val_Bias_per_cell_mean,Val_Bias_per_cell_median,Val_n_cells
pr,9.804820021363584,9.93673371813358,1.4773180721841106,5.3562,0.0134152565,0.016189635,0.025166834,0.024292694,0.11183181,0.09386592,41472
tasmax,8.13705664998387,8.147541628663967,0.2550466879715443,7.136111,0.7903398,0.7914426,0.79140747,0.7924164,0.4584715,0.42272666,41472
tasmin,7.060464781092773,7.086347837702369,0.1999552781856526,6.2331305,0.80995125,0.81241226,0.81032073,0.8129033,0.5903517,0.6056551,41472
rsds,56.541631957629676,56.70985993790728,2.6016075922149087,38.541786,0.7623642,0.76113206,0.7648681,0.7638905,-0.41129744,-0.21052572,41472
wind,2.214628558700003,2.2052002390683207,0.14389139342995977,1.734203,0.046080984,0.04213512,0.05453542,0.049818322,-0.31894904,-0.330001,41472
huss,0.0028749147023654944,0.002864961919771638,0.00025936424173635277,0.0024872604,0.77184874,0.7705005,0.7943532,0.7943485,0.00047505632,0.00046602386,41472
