Variable,Val_KGE,Val_RMSE_pooled,Val_Bias,Val_Ext99_Bias%,Val_Lag1_Obs,Val_Lag1_Sim,Val_Lag1_Err,Val_Spatial_Bias,Val_WDF_Obs%,Val_WDF_Sim%
pr,0.024041888081052343,9.915491,0.111831665,-0.22583675,0.36410290732501704,0.41936139123259847,0.055258483907581424,0.11183297,32.317395233232375,35.747785944372
tasmax,0.8007821156757516,8.141053,0.4584961,-0.24502902,0.962452069261493,0.9548648290183952,0.007587240243097759,0.45847264,,
tasmin,0.818244801278574,7.063296,0.59033203,0.17842391,0.9689036801836927,0.9603267972411295,0.008576882942563202,0.59035367,,
rsds,0.764216951853872,56.601456,-0.41131592,0.887243,0.9231932421561905,0.9270547331542517,0.003861490998061212,-0.4112993,,
wind,0.07967986410621275,2.2192984,-0.31894875,-7.4582143,0.4497156494041549,0.39700194113171955,0.05271370827243538,-0.31894892,,
huss,0.7751558789664289,0.0028865905,0.00047505647,2.0601635,0.9557856568317229,0.9610646918828991,0.005279035051176217,0.00047505664,,
