Variable,Val_RMSE_per_cell_mean,Val_RMSE_per_cell_median,Val_RMSE_per_cell_std,Val_RMSE_domain_mean_ts,Val_KGE_per_cell_mean,Val_KGE_per_cell_median,Val_r_per_cell_mean,Val_r_per_cell_median,Val_Bias_per_cell_mean,Val_Bias_per_cell_median,Val_n_cells
pr,9.123774490635853,9.320387784883328,1.2737438957452594,5.1439047,0.017373098,0.017586112,0.029267108,0.029174155,0.07495969,0.06261278,41472
tasmax,8.127375385211117,8.13888524754531,0.25379810092606736,7.130017,0.79072213,0.7919892,0.7918113,0.7930026,0.4590667,0.42320585,41472
tasmin,7.052508165477915,7.0784362788426325,0.19913310539726956,6.2286325,0.81030893,0.8125228,0.8106725,0.81299645,0.5899175,0.60349673,41472
rsds,56.45802162701782,56.61641113973737,2.6156838322260576,38.50104,0.76276827,0.7612401,0.7653782,0.7643364,-0.4039166,-0.2636289,41472
wind,2.1866533066074645,2.1773433618425346,0.14264129157103866,1.7158836,0.045350265,0.041234434,0.056645572,0.0515343,-0.31932765,-0.33373114,41472
huss,0.0028719456010855454,0.002863190429812633,0.0002592276463807216,0.0024856115,0.77225643,0.7708694,0.79466176,0.7946009,0.00047479197,0.00046434952,41472
