Variable,Val_KGE,Val_RMSE_pooled,Val_Bias,Val_Ext99_Bias%,Val_Lag1_Obs,Val_Lag1_Sim,Val_Lag1_Err,Val_Spatial_Bias,Val_WDF_Obs%,Val_WDF_Sim%
pr,0.025804795024626626,9.212257,0.07495952,-11.642472,0.36410290732501704,0.4527097182104711,0.08860681088545408,0.074960865,32.317395233232375,37.19780963890649
tasmax,0.8011289670497225,8.131338,0.45907593,-0.2517456,0.962452069261493,0.9550336789723769,0.007418390289116061,0.4590664,,
tasmin,0.8185737198150804,7.0553193,0.5899353,0.17185943,0.9689036801836927,0.9604272405675931,0.008476439616099563,0.5899172,,
rsds,0.7646063101216422,56.518585,-0.40393066,0.69710666,0.9231932421561905,0.927284463657793,0.004091221501602571,-0.40391672,,
wind,0.07984232714196138,2.1913009,-0.31932735,-9.408253,0.4497156494041549,0.4018807275977137,0.04783492180644122,-0.31932753,,
huss,0.7755776466164199,0.0028836213,0.00047479244,1.9742337,0.9557856568317229,0.9611786215678302,0.005392964736107286,0.00047479218,,
