variable,DOR_KGE,DOR_RMSE_pooled,DOR_Bias,DOR_Ext99_Bias%,DOR_Lag1_Err,DOR_WDF_Obs%,DOR_WDF_Sim%,LOCA2_KGE,LOCA2_RMSE_pooled,LOCA2_Bias,LOCA2_Ext99_Bias%,LOCA2_Lag1_Err,LOCA2_WDF_Obs%,LOCA2_WDF_Sim%,NEX_KGE,NEX_RMSE_pooled,NEX_Bias,NEX_Ext99_Bias%,NEX_Lag1_Err,NEX_WDF_Obs%,NEX_WDF_Sim%
pr,0.023656166309769855,9.91084163496264,0.1097343303487559,0.12775888955601428,0.05575816098117664,32.546841899781064,35.93546810147886,0.022739206134543943,9.472939647651579,-0.11593763565789139,-4.608628832393457,0.06622942572319279,32.77381982216359,31.23494034959773,0.0016517019236783614,8.639952986506621,-0.15346659687051156,-25.32004800060888,0.04343915455512731,32.7520737658211,37.343479876232
tasmax,0.8012273186103405,8.115593089736034,0.45140854077243375,-0.2421289054751875,0.006828049086171739,,,0.8100697390522261,7.941138934309526,0.3089303876478766,-0.7508123877059131,0.008025681812637742,,,0.8165781450106566,7.734239417068309,0.8059305972331003,-0.6034161310509064,0.00817736415677095,,
tasmin,0.8174608991599062,7.060719007841494,0.5781440999267602,0.17417449431135792,0.008364301755209191,,,0.8024978796170819,7.415317175134419,0.44385457598298217,0.3207662194876814,0.010666330642443156,,,0.7900926582728244,7.70861094960818,0.9821237123688888,0.7728775443669417,0.03290761011232268,,
rsds,0.7625814541780183,56.819162821062,-0.4634218742827727,0.8454418516080278,0.004988593739437941,,,,,,,,,,0.6815257518634088,68.77130265099169,36.67710240167551,14.586340449894001,0.000738743852615964,,
wind,0.08076688901024964,2.214630856195347,-0.3201936840987294,-7.5302986019759945,0.044693551871289317,,,,,,,,,,0.061410250632484065,2.3499669396868503,-0.9306022400987262,-16.27527229541416,0.06784378321455037,,
huss,0.7741544196464414,0.002893031690749829,0.00047479032341586364,2.156700239732497,0.005661242568206215,,,,,,,,,,0.5985062769074381,0.003765338276560002,0.0014760781040921243,16.74958320483858,0.0054580283666635365,,
