Variable,Val_KGE,Val_RMSE_pooled,Val_Bias,Val_Ext99_Bias%,Val_Lag1_Obs,Val_Lag1_Sim,Val_Lag1_Err,Val_Spatial_Bias,Val_WDF_Obs%,Val_WDF_Sim%
pr,0.02319944494663484,9.942194,0.13845181,0.7911816,0.36410290732501704,0.42115099987292687,0.05704809254790982,0.1384531,32.317395233232375,35.73951384972993
tasmax,0.8007599012888056,8.14218,0.4610901,-0.25358096,0.962452069261493,0.9549149287488299,0.007537140512663076,0.4610763,,
tasmin,0.8182533999461077,7.0634623,0.58984375,0.17649984,0.9689036801836927,0.9603060236405548,0.008597656543137822,0.58984935,,
rsds,0.7642313527762546,56.57891,-0.42045593,0.8100264,0.9231932421561905,0.9270805701423319,0.0038873279861414423,-0.42045432,,
wind,0.08012531700469949,2.2182374,-0.3192067,-7.378403,0.4497156494041549,0.3974972573193436,0.05221839208481133,-0.31920657,,
huss,0.7751576527436377,0.002886621,0.0004749545,2.059182,0.9557856568317229,0.9610550480406593,0.005269391208936436,0.00047495437,,
