Variable,Period,mean,std,p01,p99,n_days
pr,1850-1980,2.3896780014038086,6.8330841064453125,0.0,31.973297119140625,47847
tasmax,1850-1980,288.12225341796875,12.562078475952148,258.335693359375,309.6889953613281,47847
tasmin,1850-1980,276.2885437011719,11.53054141998291,248.0319366455078,295.60394287109375,47847
rsds,1850-1980,172.4065704345703,79.97415161132812,40.20426559448242,324.7151184082031,47847
wind,1850-1980,4.013218402862549,1.4823224544525146,1.5431910753250122,8.37653923034668,47847
huss,1850-1980,0.006237586960196495,0.004291654098778963,0.0006506522186100483,0.016407281160354614,47847
