Variable,Val_RMSE_per_cell_mean,Val_RMSE_per_cell_median,Val_RMSE_per_cell_std,Val_RMSE_domain_mean_ts,Val_KGE_per_cell_mean,Val_KGE_per_cell_median,Val_r_per_cell_mean,Val_r_per_cell_median,Val_Bias_per_cell_mean,Val_Bias_per_cell_median,Val_n_cells
pr,9.87824692907359,10.032327670788447,1.432993792648074,5.388374,0.011354476,0.013813913,0.024745569,0.02432464,0.13576142,0.12299441,41472
tasmax,8.138107919741595,8.142601631230422,0.25746997123738563,7.1357193,0.7903491,0.7916605,0.7913943,0.7926328,0.46107328,0.42742145,41472
tasmin,7.0605744506874135,7.083361109068229,0.20193222286835918,6.233159,0.80997443,0.81229264,0.81032956,0.812739,0.58984864,0.60339916,41472
rsds,56.51894325891779,56.65619605358755,2.6041808786803404,38.527912,0.7623768,0.7609032,0.7649555,0.76393443,-0.42045563,-0.3008234,41472
wind,2.213566707772682,2.203943154053792,0.14390812379331733,1.7340517,0.046523817,0.042877257,0.05503117,0.050793387,-0.3191345,-0.33355704,41472
huss,0.0028749372572195943,0.0028657272775972323,0.00025945336358578717,0.0024875633,0.7718201,0.7705603,0.79435533,0.79429734,0.00047495405,0.00046565523,41472
