Variable,Val_RMSE_per_cell_mean,Val_RMSE_per_cell_median,Val_RMSE_per_cell_std,Val_RMSE_domain_mean_ts,Val_KGE_per_cell_mean,Val_KGE_per_cell_median,Val_r_per_cell_mean,Val_r_per_cell_median,Val_Bias_per_cell_mean,Val_Bias_per_cell_median,Val_n_cells
pr,9.802307972753162,9.967148751211655,1.4088249585248283,5.3241096,0.013372854,0.015101492,0.024595147,0.024180539,0.082652956,0.0689796,41472
tasmax,8.110856146658206,8.126950925357557,0.27723126196232806,7.114699,0.7909686,0.7921769,0.79201543,0.7931809,0.45140857,0.41873986,41472
tasmin,7.057964188011162,7.075506340047755,0.19720328521952898,6.2247076,0.80894804,0.81159234,0.8093085,0.81213117,0.5781441,0.5907023,41472
rsds,56.75388112674403,56.981551143087934,2.7228052096874182,38.465496,0.76079744,0.7582165,0.7633983,0.7613594,-0.46342188,-0.38125226,41472
wind,2.2100774408145853,2.197700206903108,0.14194031080468197,1.7293341,0.04754315,0.043459117,0.056202296,0.051227767,-0.32019368,-0.33390334,41472
huss,0.0028811182891985846,0.002877309162773101,0.0002622761234390895,0.0024877521,0.77072483,0.76989937,0.7932799,0.7934943,0.0004747903,0.0004671451,41472
