Variable,Val_RMSE_per_cell_mean,Val_RMSE_per_cell_median,Val_RMSE_per_cell_std,Val_RMSE_domain_mean_ts,Val_KGE_per_cell_mean,Val_KGE_per_cell_median,Val_r_per_cell_mean,Val_r_per_cell_median,Val_Bias_per_cell_mean,Val_Bias_per_cell_median,Val_n_cells
pr,9.431859722712817,9.589053882718723,1.2460496483167727,5.136692,0.016453387,0.01694256,0.024160996,0.024455946,-0.044740025,-0.042116083,41472
tasmax,8.110448832814464,8.12601062025811,0.27257169067125947,7.115482,0.79092807,0.7925558,0.79199845,0.7936755,0.44865716,0.41558722,41472
tasmin,7.058551245263197,7.0824654824868425,0.19624297744831767,6.22493,0.80892897,0.81163245,0.8092879,0.8121325,0.57832485,0.59279805,41472
rsds,56.745999280320945,56.97891090929067,2.7749757588935147,38.460873,0.76088536,0.75816864,0.76346886,0.7611795,-0.4569446,-0.24712637,41472
wind,2.209047754513572,2.1977614453322003,0.14209938066355743,1.7285643,0.04784247,0.043823004,0.05662052,0.05137298,-0.32113522,-0.33444682,41472
huss,0.0028811862326610332,0.002877162139935421,0.00026185929603494214,0.0024875305,0.7707007,0.76967263,0.7932544,0.79344064,0.0004742866,0.0004652064,41472
