pipeline_id,variable,benchmark_suite,DOR_KGE,DOR_RMSE_pooled,DOR_Bias,DOR_Ext99_Bias%,DOR_Lag1_Err,DOR_WDF_Obs%,DOR_WDF_Sim%,LOCA2_KGE,LOCA2_RMSE_pooled,LOCA2_Bias,LOCA2_Ext99_Bias%,LOCA2_Lag1_Err,LOCA2_WDF_Obs%,LOCA2_WDF_Sim%,NEX_KGE,NEX_RMSE_pooled,NEX_Bias,NEX_Ext99_Bias%,NEX_Lag1_Err,NEX_WDF_Obs%,NEX_WDF_Sim%
test8_v3,pr,loca2_native,0.023956603910694096,9.884968757629395,0.13247299194335938,0.07049160450696945,0.05632086008856385,32.8174212727741,37.200133681590614,0.0229449528888217,9.494518280029297,-0.11593890190124512,-3.900390863418579,0.07665435455293906,33.28963345713755,29.572382615754826,,,,,,,
test8_v3,tasmax,loca2_native,0.8005215511559103,8.142223358154297,0.45941162109375,-0.2545456290245056,0.007638425085704226,,,0.8100861225719922,7.941666603088379,0.30865478515625,-0.7413192987442017,0.008980501224474469,,,,,,,,,
test8_v3,tasmin,loca2_native,0.8181387499389713,7.06087064743042,0.58990478515625,0.17257225513458252,0.008675388995133204,,,0.8024682858424488,7.417153358459473,0.4420166015625,0.32842525839805603,0.009205107261083367,,,,,,,,,
test8_v3,rsds,loca2_native,0.7643903609287319,56.537776947021484,-0.421478271484375,0.7982772588729858,0.0037095236703745815,,,,,,,,,,,,,,,,
test8_v3,wind,loca2_native,0.07977854217724045,2.2164812088012695,-0.3190641403198242,-7.551882266998291,0.05208701164861923,,,,,,,,,,,,,,,,
test8_v3,huss,loca2_native,0.7750194501335048,0.0028888375964015722,0.0004756581038236618,2.0777437686920166,0.005213812951744945,,,,,,,,,,,,,,,,
