Variable,Val_RMSE_per_cell_mean,Val_RMSE_per_cell_median,Val_RMSE_per_cell_std,Val_RMSE_domain_mean_ts,Val_KGE_per_cell_mean,Val_KGE_per_cell_median,Val_r_per_cell_mean,Val_r_per_cell_median,Val_Bias_per_cell_mean,Val_Bias_per_cell_median,Val_n_cells
pr,10.00015385695868,10.170444770806274,1.4646420154643582,5.4275217,0.0075852997,0.011793256,0.026086481,0.025484646,0.17590822,0.16414373,41472
tasmax,8.110273318549705,8.125483533855665,0.27503298175902896,7.114591,0.7909686,0.79264843,0.7920271,0.7935629,0.44956693,0.41668573,41472
tasmin,7.057846695143483,7.079876622445321,0.19661065170552372,6.224842,0.80898786,0.8116497,0.8093337,0.8121337,0.5781029,0.5912971,41472
rsds,56.7378925786594,56.9713045367099,2.7420680894563163,38.45027,0.7609958,0.7585499,0.763566,0.7615171,-0.45748022,-0.42427033,41472
wind,2.211319885261101,2.200055710649785,0.14203213092077663,1.7300172,0.047239386,0.043189645,0.055818647,0.050556853,-0.3198849,-0.33462632,41472
huss,0.0028809582019171517,0.0028766154405580045,0.00026225954146729704,0.0024874099,0.770756,0.7699224,0.7933106,0.7935375,0.00047503217,0.00046644153,41472
