Variable,Val_RMSE_per_cell_mean,Val_RMSE_per_cell_median,Val_RMSE_per_cell_std,Val_RMSE_domain_mean_ts,Val_KGE_per_cell_mean,Val_KGE_per_cell_median,Val_r_per_cell_mean,Val_r_per_cell_median,Val_Bias_per_cell_mean,Val_Bias_per_cell_median,Val_n_cells
pr,9.804382418808347,9.97742879765273,1.4186642856709877,5.3499703,0.0125907445,0.015134931,0.02487543,0.02453761,0.10621203,0.08997437,41472
tasmax,8.138107919741595,8.142601631230422,0.25746997123738563,7.1357193,0.7903491,0.7916605,0.7913943,0.7926328,0.46107328,0.42742145,41472
tasmin,7.0605744506874135,7.083361109068229,0.20193222286835918,6.233159,0.80997443,0.81229264,0.81032956,0.812739,0.58984864,0.60339916,41472
rsds,56.51894325891779,56.65619605358755,2.6041808786803404,38.527912,0.7623768,0.7609032,0.7649555,0.76393443,-0.42045563,-0.3008234,41472
wind,2.2135413253630922,2.2039292018864964,0.14390977827352838,1.7340565,0.046504043,0.04283434,0.055014804,0.05070905,-0.3191775,-0.33369502,41472
huss,0.0028749372572195943,0.0028657272775972323,0.00025945336358578717,0.0024875633,0.7718201,0.7705603,0.79435533,0.79429734,0.00047495405,0.00046565523,41472
