Variable,Val_KGE,Val_RMSE_pooled,Val_Bias,Val_Ext99_Bias%,Val_Lag1_Obs,Val_Lag1_Sim,Val_Lag1_Err,Val_Spatial_Bias,Val_WDF_Obs%,Val_WDF_Sim%
pr,0.029928592077054006,9.780767,0.13631606,0.35351023,0.36410290732501704,0.3921762126484937,0.028073305323476683,0.13631758,31.59996181260436,35.2047021691256
tasmax,0.8007599012888056,8.14218,0.4610901,-0.25358096,0.962452069261493,0.9549149287488299,0.007537140512663076,0.4610763,,
tasmin,0.8182533999461077,7.0634623,0.58984375,0.17649984,0.9689036801836927,0.9603060236405548,0.008597656543137822,0.58984935,,
rsds,0.7642313527762546,56.57891,-0.42045593,0.8100264,0.9231932421561905,0.9270805701423319,0.0038873279861414423,-0.42045432,,
wind,0.05485150343007028,2.2482367,-0.29472876,-7.5286703,0.4497156494041549,0.36107161423112,0.08864403517303493,-0.294729,,
huss,0.7751576527436377,0.002886621,0.0004749545,2.059182,0.9557856568317229,0.9610550480406593,0.005269391208936436,0.00047495437,,
