Variable,Val_RMSE_per_cell_mean,Val_RMSE_per_cell_median,Val_RMSE_per_cell_std,Val_RMSE_domain_mean_ts,Val_KGE_per_cell_mean,Val_KGE_per_cell_median,Val_r_per_cell_mean,Val_r_per_cell_median,Val_Bias_per_cell_mean,Val_Bias_per_cell_median,Val_n_cells
pr,9.702303880374163,9.668886932094523,1.2364079109399053,5.8382983,0.016534869,0.018579662,0.02965571,0.028869573,0.13631636,0.1054603,41472
tasmax,8.138107919741595,8.142601631230422,0.25746997123738563,7.1357193,0.7903491,0.7916605,0.7913943,0.7926328,0.46107328,0.42742145,41472
tasmin,7.0605744506874135,7.083361109068229,0.20193222286835918,6.233159,0.80997443,0.81229264,0.81032956,0.812739,0.58984864,0.60339916,41472
rsds,56.51894325891779,56.65619605358755,2.6041808786803404,38.527912,0.7623768,0.7609032,0.7649555,0.76393443,-0.42045563,-0.3008234,41472
wind,2.2456947633373225,2.2386549851996747,0.10687836170339998,1.810027,0.04225373,0.04309678,0.049803577,0.05125988,-0.29472923,-0.30136487,41472
huss,0.0028749372572195943,0.0028657272775972323,0.00025945336358578717,0.0024875633,0.7718201,0.7705603,0.79435533,0.79429734,0.00047495405,0.00046565523,41472
