Variable,Val_KGE,Val_RMSE_pooled,Val_Bias,Val_Ext99_Bias%,Val_Lag1_Obs,Val_Lag1_Sim,Val_Lag1_Err,Val_Spatial_Bias,Val_WDF_Obs%,Val_WDF_Sim%
pr,0.024320441020699524,9.513812,-0.044739723,-6.3474665,0.3641029073250169,0.42253448631392865,0.05843157898891177,-0.044738796,32.546841899781064,35.85707477561514
tasmax,0.8012241018193045,8.115028,0.44866943,-0.2372168,0.9624520692614932,0.9556231358344827,0.0068289334270105195,0.44865897,,
tasmin,0.8174670794764402,7.061279,0.5783386,0.17597508,0.9689036801836923,0.9605432341226603,0.008360446061032034,0.5783239,,
rsds,0.7626621303116994,56.813816,-0.4569397,0.8275588,0.9231932421561898,0.9281764187307994,0.00498317657460956,-0.45694542,,
wind,0.08108092900867436,2.2136135,-0.32113504,-7.6128936,0.4497156494041549,0.40504339291746505,0.044672256486689876,-0.32113516,,
huss,0.7741702929665697,0.0028930616,0.00047428673,2.1406195,0.955785656831722,0.9614418382214883,0.005656181389766313,0.0004742869,,
