method,mean_mae,mean_qq_rmse,mean_frobenius_dep,mean_lag1_err,rank_mae,rank_frob,rank_lag1
qdm,11.916083461789336,1.407485680324384,,0.012335696564402721,7.0,,1.0
mv_bcca,8.400809666595887,4.415146967940114,1.2716735240899442,0.06079051075583934,1.0,7.0,6.0
mv_ecc_schaake,9.777921184586981,2.382107653616258,0.369788251532718,0.05182378467973881,2.0,4.0,5.0
mv_gaussian_copula,9.948095121335548,1.3436268449472781,0.21026959590371389,0.015863961974876387,4.0,1.0,3.0
mv_mbcn_iterative,10.172655900917016,1.4232892245386732,0.22245564444855326,0.0155918343443336,6.0,3.0,2.0
mv_otbc,9.947688494987476,1.2207205486393857,0.21998991154448536,0.025001643549804668,3.0,2.0,4.0
mv_r2d2,10.164888504248422,1.9272183253438884,0.9207091146845834,0.09285173270098493,5.0,6.0,7.0
mv_spatial_mbc,13.40941750665661,1.7734695682548416,0.6351511604651993,0.12776691497202472,8.0,5.0,8.0
