Variable,Val_KGE,Val_RMSE_pooled,Val_Bias,Val_Ext99_Bias%,Val_Lag1_Obs,Val_Lag1_Sim,Val_Lag1_Err,Val_Spatial_Bias,Val_WDF_Obs%,Val_WDF_Sim%
pr,0.01680698271808634,10.395349,0.21422052,7.7625036,0.36410290732501704,0.4100882288256874,0.04598532150067036,0.21422176,32.620186364679604,37.996249692745685
tasmax,0.7851566242976173,8.3441,0.88183594,-0.092499696,0.962452069261493,0.9534667467809703,0.00898532248052264,0.88180953,,
tasmin,0.799080712836692,7.426233,1.171051,0.26220226,0.9689036801836927,0.9607142505266864,0.008189429657006309,1.1710502,,
rsds,0.7516708497904984,58.065434,-1.9272614,-0.10380142,0.9231932421561905,0.9191138932538824,0.0040793489023081,-1.9272712,,
wind,0.08670033299539615,2.20837,-0.33498096,-6.6253386,0.4497156494041549,0.3859161129687298,0.06379953643542513,-0.3349804,,
huss,0.7332312876545377,0.0031300136,0.00073675765,7.4736857,0.9557856568317229,0.9602196102400545,0.004433953408331637,0.00073675753,,
