Variable,Val_KGE,Val_RMSE_pooled,Val_Bias,Val_Ext99_Bias%,Val_Lag1_Obs,Val_Lag1_Sim,Val_Lag1_Err,Val_Spatial_Bias,Val_WDF_Obs%,Val_WDF_Sim%
pr,0.026918115039736512,9.698934,0.19026351,-4.594496,0.36410290732501704,0.44034817647511953,0.07624526915010249,0.1902645,32.620186364679604,39.699569044578155
tasmax,0.7854775958398877,8.336382,0.88204956,-0.09050815,0.962452069261493,0.9536492922786978,0.00880277698279519,0.88207763,,
tasmin,0.7993369272216663,7.419735,1.1708679,0.25571197,0.9689036801836927,0.960828078576415,0.008075601607277716,1.1708678,,
rsds,0.7520570346535576,57.987392,-1.9133759,-0.33167988,0.9231932421561905,0.919402166256586,0.003791075899604479,-1.9133873,,
wind,0.08639063227249333,2.1810784,-0.33513498,-8.444744,0.4497156494041549,0.3891376974260642,0.06057795197809074,-0.3351345,,
huss,0.7336524672215576,0.003127175,0.0007366529,7.420582,0.9557856568317229,0.9603035980152128,0.004517941183489915,0.00073665316,,
