Variable,Val_RMSE_per_cell_mean,Val_RMSE_per_cell_median,Val_RMSE_per_cell_std,Val_RMSE_domain_mean_ts,Val_KGE_per_cell_mean,Val_KGE_per_cell_median,Val_r_per_cell_mean,Val_r_per_cell_median,Val_Bias_per_cell_mean,Val_Bias_per_cell_median,Val_n_cells
pr,9.642875682803478,9.658632354664299,1.0412807534332604,5.203593,0.012430333,0.013917297,0.029046781,0.028660648,0.19026329,0.17843144,41472
tasmax,8.32959969704011,8.37144612625164,0.3361873527764026,7.4550915,0.77334136,0.76729774,0.7767208,0.7708225,0.88207453,0.882969,41472
tasmin,7.4127879110218755,7.470920039479681,0.3209942741388228,6.6818957,0.7897509,0.78971875,0.7906532,0.79095024,1.1708654,1.1716814,41472
rsds,57.92269743325795,58.41276235716701,2.7383056533562673,39.15456,0.7495455,0.7460792,0.75269234,0.7493448,-1.9133859,-2.7069612,41472
wind,2.1769027930431926,2.168733093901505,0.13489642735066384,1.7083412,0.05535386,0.05176711,0.06687192,0.0635808,-0.33513463,-0.33879688,41472
huss,0.003117860799964366,0.0031634070369491877,0.0002411754080824153,0.0027447208,0.72982305,0.72718805,0.7780427,0.7769393,0.00073665293,0.00072277,41472
