Variable,Val_RMSE_per_cell_mean,Val_RMSE_per_cell_median,Val_RMSE_per_cell_std,Val_RMSE_domain_mean_ts,Val_KGE_per_cell_mean,Val_KGE_per_cell_median,Val_r_per_cell_mean,Val_r_per_cell_median,Val_Bias_per_cell_mean,Val_Bias_per_cell_median,Val_n_cells
pr,10.330475168928094,10.291482244278512,1.1595509949791154,5.382942,-0.00414392,0.007361084,0.02528219,0.02430136,0.21422055,0.20400459,41472
tasmax,8.337423518719726,8.375145302031914,0.333718072309025,7.4603453,0.7729775,0.76715726,0.7763446,0.7707782,0.8818084,0.88409394,41472
tasmin,7.4193436750036135,7.478260660778533,0.3198001602406071,6.6862383,0.7894656,0.7894546,0.7903535,0.7907123,1.1710474,1.1723812,41472
rsds,58.00055336675094,58.471268675851015,2.74407955606702,39.194607,0.7491447,0.7454872,0.7521993,0.7488209,-1.927271,-2.6384315,41472
wind,2.2041344690295857,2.1960607348560903,0.1367074836104416,1.7264549,0.056368914,0.051906228,0.065039925,0.060697865,-0.33498052,-0.33767825,41472
huss,0.0031206701481902425,0.0031691504664103625,0.0002416658089244308,0.0027463883,0.7294156,0.7267471,0.7777553,0.77681994,0.0007367573,0.0007251068,41472
