pipeline_id,variable,benchmark_suite,DOR_KGE,DOR_RMSE_pooled,DOR_Bias,DOR_Ext99_Bias%,DOR_Lag1_Err,DOR_WDF_Obs%,DOR_WDF_Sim%,LOCA2_KGE,LOCA2_RMSE_pooled,LOCA2_Bias,LOCA2_Ext99_Bias%,LOCA2_Lag1_Err,LOCA2_WDF_Obs%,LOCA2_WDF_Sim%,NEX_KGE,NEX_RMSE_pooled,NEX_Bias,NEX_Ext99_Bias%,NEX_Lag1_Err,NEX_WDF_Obs%,NEX_WDF_Sim%
test8_v3,pr,gridmet_4km,0.023463803323985233,9.923538054987649,0.13236943024089154,0.42995652695245296,0.05669213514089966,32.317395233232375,35.7425798212995,0.02273920868848811,9.472939491271973,-0.11593770980834961,-4.608633518218994,0.06622942261115455,32.77381982216359,31.23494034959773,0.0016517106487826672,8.639952986506621,-0.15346643527368364,-25.32004874313231,0.04343915162014189,32.7520737658211,37.343479876232
test8_v3,tasmax,gridmet_4km,0.8007598967865449,8.142180169807364,0.46107812258327385,-0.2535809585155219,0.007537162561907951,,,0.8100697361457305,7.941138744354248,0.308929443359375,-0.7508105635643005,0.008025678964371452,,,0.8165781376767902,7.734239417068309,0.805918861772966,-0.6034161329818379,0.00817736711705841,,
test8_v3,tasmin,gridmet_4km,0.818253399079091,7.063461863236453,0.5898498454234868,0.1764998396438148,0.008597651503157278,,,0.8024978797112134,7.415317058563232,0.443878173828125,0.32076382637023926,0.0106663246405031,,,0.7900926596411333,7.70861094960818,0.9821368350018247,0.7728775469727324,0.03290760678214899,,
test8_v3,rsds,gridmet_4km,0.7642313494295365,56.578911963356155,-0.4204691804490892,0.8100264201792636,0.0038873291039766,,,,,,,,,,0.6815256994093732,68.77130265099169,36.67711286898614,14.58634049509493,0.0007387431148658807,,
test8_v3,wind,gridmet_4km,0.08013471139819472,2.21823976544484,-0.31913443523844265,-7.3799050386606115,0.05220693164704904,,,,,,,,,,0.06141026291796614,2.3499669396868503,-0.9306020470058778,-16.275272376485454,0.06784378638653904,,
test8_v3,huss,gridmet_4km,0.7751576688479049,0.0028866210843798315,0.0004749543363944033,2.0591819758847376,0.005269391523808564,,,,,,,,,,0.5985061576299144,0.003765338276560002,0.0014760780731472092,16.74958296864388,0.00545802882267421,,
