Variable,Val_KGE,Val_RMSE_pooled,Val_Bias,Val_Ext99_Bias%,Val_Lag1_Obs,Val_Lag1_Sim,Val_Lag1_Err,Val_Spatial_Bias,Val_WDF_Obs%,Val_WDF_Sim%
pr,0.004836503153251348,10.809149,0.15720034,4.207545,0.3301340733133268,0.34487990758007997,0.014745834266753188,0.15720168,32.68437927821722,31.952858271642498
tasmax,0.8020787748945724,7.770581,-0.31524658,-0.18371093,0.9579403644413972,0.962386094667166,0.004445730225768774,-0.3152229,,
tasmin,0.8253915110364062,6.5708566,-0.02319336,0.3545891,0.9653908904280746,0.969647704261099,0.004256813833024453,-0.023199113,,
rsds,0.7613753249690258,53.47703,-4.636139,-2.5980144,0.8969555683151691,0.9213789292908212,0.02442336097565212,-4.6361446,,
wind,0.07023298910585551,2.087294,-0.24636126,-8.808012,0.4229884882255203,0.4106908125442403,0.01229767568128004,-0.24636133,,
huss,0.8029369690286392,0.002711416,0.00015220512,-1.5986629,0.9482471700032593,0.9687004311469508,0.020453261143691503,0.00015220513,,
