pipeline_id,variable,benchmark_suite,DOR_KGE,DOR_RMSE_pooled,DOR_Bias,DOR_Ext99_Bias%,DOR_Lag1_Err,DOR_WDF_Obs%,DOR_WDF_Sim%,LOCA2_KGE,LOCA2_RMSE_pooled,LOCA2_Bias,LOCA2_Ext99_Bias%,LOCA2_Lag1_Err,LOCA2_WDF_Obs%,LOCA2_WDF_Sim%,NEX_KGE,NEX_RMSE_pooled,NEX_Bias,NEX_Ext99_Bias%,NEX_Lag1_Err,NEX_WDF_Obs%,NEX_WDF_Sim%
test8_v3,pr,nex_native,0.024647632173078304,9.833621978759766,0.13286042213439941,-0.2132263481616974,0.05475218404539112,33.113651361439665,37.76120644812582,0.02291327465357229,9.45670223236084,-0.11617588996887207,-4.337791442871094,0.0768797903100854,33.61242098502518,32.14200829023426,0.002701142275195023,8.643171310424805,-0.15576982498168945,-25.06328582763672,0.05519519495501296,33.61242098502518,36.80154142581888
test8_v3,tasmax,nex_native,0.8008802733809255,8.14047622680664,0.463165283203125,-0.25647082924842834,0.0077373944613061685,,,0.810209103296955,7.938206195831299,0.3070068359375,-0.7408677339553833,0.008999910632641606,,,0.8169344537795733,7.730911731719971,0.81005859375,-0.5830157995223999,0.009199995141903283,,
test8_v3,tasmin,nex_native,0.8186424961419381,7.053598880767822,0.595306396484375,0.1753569096326828,0.008749764561963636,,,0.8027048654785592,7.41227912902832,0.44366455078125,0.3301638960838318,0.009193994465007682,,,0.7902251484340933,7.71134090423584,0.9825439453125,0.7884173393249512,0.029890602509423103,,
test8_v3,rsds,nex_native,0.7647345178482958,56.48250198364258,-0.4331207275390625,0.7842342257499695,0.002934896603309589,,,,,,,,,,0.681688889618034,68.76933288574219,36.62971496582031,14.590017318725586,0.004806095946522815,,
test8_v3,wind,nex_native,0.07844038091673144,2.214596748352051,-0.31820058822631836,-7.6009063720703125,0.05385453618115649,,,,,,,,,,0.061566812543495275,2.351123571395874,-0.9351506233215332,-16.674938201904297,0.07751759159265492,,
test8_v3,huss,nex_native,0.7753378372602906,0.002883424749597907,0.00047542527318000793,2.008483648300171,0.0049738568026763685,,,,,,,,,,0.5987835088052159,0.00376329873688519,0.0014751283451914787,16.958635330200195,0.003663254911169256,,
