Variable,Val_KGE,Val_RMSE_pooled,Val_Bias,Val_Ext99_Bias%,Val_Lag1_Obs,Val_Lag1_Sim,Val_Lag1_Err,Val_Spatial_Bias,Val_WDF_Obs%,Val_WDF_Sim%
pr,0.02391290170372551,9.90897,0.08506489,0.09368316,0.3641029073250169,0.41882212469852137,0.05471921737350449,0.08506604,32.546841899781064,32.486264057997225
tasmax,0.8012273122091254,8.115593,0.45147705,-0.2421289,0.9624520692614932,0.9556240244936938,0.006828044767799413,0.45141163,,
tasmin,0.8174608990344644,7.060719,0.5781555,0.17417449,0.9689036801836923,0.9605393781057525,0.008364302077939811,0.5781443,,
rsds,0.7625814499044715,56.819164,-0.46340942,0.8454419,0.9231932421561898,0.9281818388265716,0.004988596670381762,-0.46342084,,
wind,0.08076690274835607,2.2146308,-0.3201933,-7.530304,0.4497156494041549,0.40502209926306926,0.04469355014108567,-0.32019362,,
huss,0.774154423806555,0.0028930318,0.0004747901,2.1567056,0.955785656831722,0.9614468996573616,0.005661242825639623,0.0004747906,,
