Variable,Val_KGE,Val_RMSE_pooled,Val_Bias,Val_Ext99_Bias%,Val_Lag1_Obs,Val_Lag1_Sim,Val_Lag1_Err,Val_Spatial_Bias,Val_WDF_Obs%,Val_WDF_Sim%
pr,0.022910063211227016,9.432047,-0.15667105,-14.348078,0.3301340733133266,0.3401854830393934,0.010051409726066773,-0.15666996,32.68437927821722,38.530376926782274
tasmax,0.8143036542447887,7.8811636,-0.0039978027,-0.15176758,0.9579403644413976,0.9598944538867344,0.001954089445336815,-0.0040167863,,
tasmin,0.8172214566548572,7.0287237,-0.0013122559,0.1207103,0.9653908904280746,0.9645536034543036,0.0008372869737709454,-0.0013081444,,
rsds,0.7440684992965254,58.075603,-2.4277039,0.49795872,0.8969555683151696,0.8977979528399652,0.0008423845247955697,-2.4277182,,
wind,0.055432819629151475,2.2162406,-0.2522192,-7.911671,0.42298848822552054,0.4064965062867557,0.016491981938764833,-0.25221875,,
huss,0.7822184440372499,0.0028708815,0.0001604911,-1.176311,0.9482471700032593,0.9550812941194632,0.006834124116203877,0.00016049086,,
