Variable,Val_KGE,Val_RMSE_pooled,Val_Bias,Val_Ext99_Bias%,Val_Lag1_Obs,Val_Lag1_Sim,Val_Lag1_Err,Val_Spatial_Bias,Val_WDF_Obs%,Val_WDF_Sim%
pr,0.023220113535549758,9.939484,0.12944436,0.61647516,0.36410290732501704,0.4169641813696629,0.052861274044645856,0.12944578,32.20777536501826,32.3090799008572
tasmax,0.8006464303745957,8.1436205,0.45770264,-0.24313508,0.962452069261493,0.9549001679165116,0.007551901344981404,0.4576904,,
tasmin,0.8182998531840521,7.0629573,0.5895996,0.17893837,0.9689036801836927,0.9603314703966025,0.008572209787090168,0.589594,,
rsds,0.7642811695539288,56.577183,-0.40052795,0.8049733,0.9231932421561905,0.9270239121358478,0.0038306699796573085,-0.40051764,,
wind,0.07838295442027465,2.2180507,-0.31896687,-7.502442,0.4497156494041549,0.3928391541716519,0.056876495232503044,-0.31896687,,
huss,0.7751427569130163,0.002886697,0.00047500152,2.0390408,0.9557856568317229,0.9610927791108868,0.005307122279163856,0.0004750019,,
