Variable,Val_RMSE_per_cell_mean,Val_RMSE_per_cell_median,Val_RMSE_per_cell_std,Val_RMSE_domain_mean_ts,Val_KGE_per_cell_mean,Val_KGE_per_cell_median,Val_r_per_cell_mean,Val_r_per_cell_median,Val_Bias_per_cell_mean,Val_Bias_per_cell_median,Val_n_cells
pr,9.842452116136302,9.998204889076588,1.3854523815805793,5.4180284,0.012483283,0.014401078,0.025009846,0.024555685,0.12944458,0.122179136,41472
tasmax,8.139765891368155,8.15426063225704,0.25050621220703223,7.1369953,0.79019517,0.7917548,0.791261,0.79273146,0.45768908,0.4215623,41472
tasmin,7.060145756541017,7.087598447776313,0.19924992964603144,6.232928,0.80999255,0.8121853,0.81034034,0.8126436,0.58959377,0.6035428,41472
rsds,56.51703729199517,56.6489249653177,2.607934295124875,38.53263,0.7624511,0.7610704,0.76497865,0.76401466,-0.40051565,-0.32544532,41472
wind,2.2134655917245802,2.203859170108593,0.14254610361700368,1.7407522,0.04567395,0.04281473,0.05418109,0.05045121,-0.31896698,-0.3301089,41472
huss,0.0028749443714494046,0.002866331805324241,0.000260216638973093,0.0024874562,0.7718133,0.770564,0.7943658,0.7944543,0.00047500167,0.00046437106,41472
