Variable,Val_KGE,Val_RMSE_pooled,Val_Bias,Val_Ext99_Bias%,Val_Lag1_Obs,Val_Lag1_Sim,Val_Lag1_Err,Val_Spatial_Bias,Val_WDF_Obs%,Val_WDF_Sim%
pr,0.020375595019114345,10.106842,0.17590833,3.275609,0.3641029073250169,0.41686316381911126,0.05276025649409438,0.1759094,32.546841899781064,36.01588377380827
tasmax,0.8012524556169485,8.114936,0.44961548,-0.24081054,0.9624520692614932,0.9555756130661023,0.006876456195390901,0.44956994,,
tasmin,0.8174839408617711,7.060585,0.578125,0.17471981,0.9689036801836923,0.9605684411346986,0.008335239048993692,0.57810354,,
rsds,0.7627704639413169,56.80412,-0.45747375,0.87671596,0.9231932421561898,0.9281436134051748,0.004950371248985008,-0.4574798,,
wind,0.08042200049944415,2.2158766,-0.31988478,-7.465997,0.4497156494041549,0.40435475001608673,0.0453608993880682,-0.3198848,,
huss,0.7741646443871202,0.0028928707,0.0004750318,2.1369905,0.955785656831722,0.9614836671192187,0.005698010287496724,0.00047503237,,
