Variable,Val_KGE,Val_RMSE_pooled,Val_Bias,Val_Ext99_Bias%,Val_Lag1_Obs,Val_Lag1_Sim,Val_Lag1_Err,Val_Spatial_Bias,Val_WDF_Obs%,Val_WDF_Sim%
pr,0.02340243854451396,9.928461,0.13550377,0.61288357,0.36410290732501704,0.4212208183767076,0.05711791105169056,0.13550511,32.317395233232375,35.74211475819625
tasmax,0.8007599012888056,8.14218,0.4610901,-0.25358096,0.962452069261493,0.9549149287488299,0.007537140512663076,0.4610763,,
tasmin,0.8182533999461077,7.0634623,0.58984375,0.17649984,0.9689036801836927,0.9603060236405548,0.008597656543137822,0.58984935,,
rsds,0.7642313527762546,56.57891,-0.42045593,0.8100264,0.9231932421561905,0.9270805701423319,0.0038873279861414423,-0.42045432,,
wind,0.08012822318014956,2.218245,-0.31917667,-7.380946,0.4497156494041549,0.39753032800730415,0.05218532139685078,-0.31917635,,
huss,0.7751576527436377,0.002886621,0.0004749545,2.059182,0.9557856568317229,0.9610550480406593,0.005269391208936436,0.00047495437,,
