Variable,Val_KGE,Val_RMSE_pooled,Val_Bias,Val_Ext99_Bias%,Val_Lag1_Obs,Val_Lag1_Sim,Val_Lag1_Err,Val_Spatial_Bias,Val_WDF_Obs%,Val_WDF_Sim%
pr,0.025654932091613403,9.364878,0.090726376,-1.6163955,0.36410290732501704,0.3454057620171097,0.018697145307907337,0.09072784,31.048637675057712,34.38715683546317
tasmax,0.8007599012888056,8.14218,0.4610901,-0.25358096,0.962452069261493,0.9549149287488299,0.007537140512663076,0.4610763,,
tasmin,0.8182533999461077,7.0634623,0.58984375,0.17649984,0.9689036801836927,0.9603060236405548,0.008597656543137822,0.58984935,,
rsds,0.7642313527762546,56.57891,-0.42045593,0.8100264,0.9231932421561905,0.9270805701423319,0.0038873279861414423,-0.42045432,,
wind,0.045727848108597535,2.258337,-0.25264835,-6.6975527,0.4497156494041549,0.3245148171981889,0.125200832205966,-0.25264844,,
huss,0.7751576527436377,0.002886621,0.0004749545,2.059182,0.9557856568317229,0.9610550480406593,0.005269391208936436,0.00047495437,,
